{"cameraMode":{"drawMode":0,"name":"Shaded","section":"Shading Mode"},"sceneLighting":true,"audioPlay":false,"sceneViewState":{"showFog":true,"showMaterialUpdate":false,"showSkybox":true,"showFlares":true,"showImageEffects":true,"showParticleSystems":true},"in2DMode":false,"pivot":{"x":2.863022804260254,"y":2.0041165351867677,"z":2.863023042678833},"rotation":{"x":0.051861051470041278,"y":0.9322518706321716,"z":-0.1483517289161682,"w":0.32589688897132876},"size":147.67555236816407,"orthographic":false}